Nama_File,Kelas,GLCM_Mean,GLCM_Contrast,GLCM_Homogeneity,GLCM_ASM,GLCM_Energy
hole_ds (1).jpg,hole,1.4586167,20.382523,17.739296,130.34732,11.043054
hole_ds (10).jpg,hole,1.2558913,15.459747,19.826828,246.5393,14.804472
hole_ds (100).jpg,hole,0.0037372112,0.61798096,24.955029,622.8099,24.942492
hole_ds (101).jpg,hole,0.008183718,0.8934021,24.921642,620.5717,24.893394
hole_ds (102).jpg,hole,0.0072538853,0.6095886,24.950653,622.2125,24.932262
hole_ds (103).jpg,hole,0.0068485737,0.47607422,24.967834,623.20074,24.954233
hole_ds (104).jpg,hole,0.000166893,0.009155273,24.995422,624.526,24.988623
hole_ds (105).jpg,hole,0.007704973,0.8922119,24.914352,619.8606,24.877415
hole_ds (106).jpg,hole,0.006018877,0.51116943,24.949715,622.0419,24.92847
hole_ds (107).jpg,hole,0.0056505203,0.43182373,24.969154,623.3533,24.957577
hole_ds (108).jpg,hole,0.0058066845,0.4345703,24.954815,622.07837,24.930077
hole_ds (109).jpg,hole,0.00536561,0.33737183,24.971514,623.2734,24.956856
hole_ds (11).jpg,hole,1.5960677,59.03047,14.033974,80.06198,8.771269
hole_ds (110).jpg,hole,0.005322695,0.33187866,24.97426,623.53796,24.962528
hole_ds (111).jpg,hole,0.0052866936,0.5418091,24.95543,622.5488,24.937357
hole_ds (112).jpg,hole,0.0038862228,0.36239624,24.968792,623.2937,24.95692
hole_ds (113).jpg,hole,0.0037431717,0.3364563,24.973118,623.58716,24.963562
hole_ds (114).jpg,hole,0.02091837,4.603485,24.560783,599.5936,24.37948
hole_ds (115).jpg,hole,0.0065243244,1.3556671,24.872374,617.34955,24.820915
hole_ds (116).jpg,hole,0.0028729439,0.3211975,24.978313,623.86346,24.97062
hole_ds (117).jpg,hole,0.007299185,1.3798523,24.871334,617.48724,24.81811
hole_ds (118).jpg,hole,0.004197359,0.6324768,24.938435,621.38403,24.912971
hole_ds (119).jpg,hole,0.0032782555,0.40359497,24.967289,623.32666,24.957012
hole_ds (12).jpg,hole,1.4482434,82.03458,12.021739,65.816315,7.900922
hole_ds (120).jpg,hole,0.00480175,1.1151123,24.861866,616.0962,24.79352
hole_ds (121).jpg,hole,0.0020182133,0.4977417,24.948957,621.6665,24.922146
hole_ds (122).jpg,hole,0.0011086464,0.28076172,24.982067,624.08875,24.976562
hole_ds (123).jpg,hole,0.0,0.0,25.0,625.0,25.0
hole_ds (124).jpg,hole,0.0028669834,0.5050659,24.954475,622.2617,24.935541
hole_ds (125).jpg,hole,0.0022351742,0.37994385,24.966984,623.06055,24.953932
hole_ds (126).jpg,hole,0.0017166138,0.21438599,24.985508,624.199,24.979342
hole_ds (127).jpg,hole,0.019520998,2.8286285,24.751377,610.40686,24.643566
hole_ds (128).jpg,hole,0.0136528015,1.5048828,24.87845,617.8943,24.826775
hole_ds (129).jpg,hole,0.011861324,1.096344,24.92865,621.2345,24.903307
hole_ds (13).jpg,hole,0.8770652,31.144745,18.631046,252.68918,14.203779
hole_ds (130).jpg,hole,5.9604645e-05,0.0061035156,24.996948,624.71875,24.99368
hole_ds (131).jpg,hole,0.009678602,1.2588501,24.907219,619.80066,24.871616
hole_ds (132).jpg,hole,0.008380413,1.0009003,24.934553,621.5083,24.911758
hole_ds (133).jpg,hole,0.007987022,0.9025574,24.946402,622.2689,24.929075
hole_ds (134).jpg,hole,0.0070500374,1.3223267,24.907566,619.73474,24.86623
hole_ds (135).jpg,hole,0.010550022,2.0989227,24.853964,616.42725,24.783855
hole_ds (136).jpg,hole,0.0053954124,0.8023071,24.946518,622.08075,24.921934
hole_ds (137).jpg,hole,0.008134842,1.0809326,24.922422,620.829,24.895763
hole_ds (138).jpg,hole,0.0076818466,0.98861694,24.932215,621.5585,24.912642
hole_ds (139).jpg,hole,0.0075280666,0.95596313,24.939348,622.1018,24.924616
hole_ds (14).jpg,hole,2.0679693,22.91655,16.643593,134.89603,11.47595
hole_ds (140).jpg,hole,0.0,0.0,25.0,625.0,25.0
hole_ds (141).jpg,hole,0.007389784,1.5637207,24.851978,615.9824,24.78378
hole_ds (142).jpg,hole,0.0025427341,0.42274475,24.957567,622.46094,24.939674
hole_ds (143).jpg,hole,0.0018298626,0.24261475,24.981953,624.0595,24.975174
hole_ds (144).jpg,hole,0.0024626255,0.3985138,24.974258,623.5482,24.962933
hole_ds (145).jpg,hole,0.0023183823,0.3179474,24.979141,623.88416,24.970703
hole_ds (146).jpg,hole,0.0022947788,0.31204224,24.97952,623.90314,24.971104
hole_ds (147).jpg,hole,0.0049066544,1.103363,24.87952,617.3804,24.823296
hole_ds (148).jpg,hole,0.0026774406,0.499115,24.943014,621.2081,24.912666
hole_ds (149).jpg,hole,0.0014483929,0.15029907,24.98854,624.3174,24.982529
hole_ds (15).jpg,hole,0.83112454,43.525024,14.922999,108.51831,9.947239
hole_ds (150).jpg,hole,0.02195859,3.823639,24.612942,602.12885,24.443241
hole_ds (151).jpg,hole,0.014252901,1.8023071,24.812986,613.7604,24.723347
hole_ds (152).jpg,hole,0.00756979,0.3463745,24.969593,623.1344,24.952608
hole_ds (153).jpg,hole,0.0051367283,1.1776733,24.884426,618.29846,24.83597
hole_ds (154).jpg,hole,0.0028955936,0.70999146,24.945026,621.9957,24.925426
hole_ds (155).jpg,hole,0.0013291836,0.33493042,24.98423,624.22156,24.979689
hole_ds (156).jpg,hole,0.0,0.0,25.0,625.0,25.0
hole_ds (157).jpg,hole,0.004994869,0.55007935,24.965443,623.1024,24.95182
hole_ds (158).jpg,hole,0.004684925,0.4547119,24.969196,623.313,24.957306
hole_ds (159).jpg,hole,0.004553795,0.42648315,24.972889,623.51697,24.962103
hole_ds (16).jpg,hole,0.8903582,52.374786,16.000315,177.98117,12.029729
hole_ds (160).jpg,hole,0.0,0.0,25.0,625.0,25.0
hole_ds (161).jpg,hole,0.022205114,4.188965,24.685814,606.78296,24.548056
hole_ds (162).jpg,hole,0.008497238,1.153717,24.913536,620.0658,24.87909
hole_ds (163).jpg,hole,0.00672698,0.5670166,24.957954,622.7664,24.940958
hole_ds (164).jpg,hole,0.0,0.0,25.0,625.0,25.0
hole_ds (165).jpg,hole,0.008773804,1.86203,24.863016,617.0233,24.800314
hole_ds (166).jpg,hole,0.003106594,0.6465149,24.944008,621.7258,24.919544
hole_ds (167).jpg,hole,0.0015437603,0.35476685,24.978317,623.9338,24.972408
hole_ds (168).jpg,hole,0.0026512146,0.67474365,24.944626,621.8088,24.923563
hole_ds (169).jpg,hole,0.0056135654,1.2991333,24.871696,617.0024,24.808554
hole_ds (17).jpg,hole,1.0713341,60.032913,13.256702,73.950195,8.333014
hole_ds (170).jpg,hole,0.0008702278,0.1449585,24.988323,624.42834,24.98508
hole_ds (171).jpg,hole,0.0025320053,0.5381775,24.95338,622.26215,24.933056
hole_ds (172).jpg,hole,0.0015056133,0.29129028,24.974907,623.4945,24.963287
hole_ds (173).jpg,hole,0.0011622906,0.2243042,24.98706,624.36475,24.98341
hole_ds (174).jpg,hole,0.023008585,4.5022736,24.562954,600.45435,24.387157
hole_ds (175).jpg,hole,0.003373146,0.58062744,24.932673,620.38885,24.892843
hole_ds (176).jpg,hole,0.0016629696,0.1953125,24.984726,624.1102,24.9776
hole_ds (177).jpg,hole,0.006110668,1.3378143,24.872614,617.4901,24.815609
hole_ds (178).jpg,hole,0.0024712086,0.5341339,24.947994,622.02454,24.927538
hole_ds (179).jpg,hole,0.0010550022,0.1701355,24.987633,624.3694,24.983416
hole_ds (18).jpg,hole,2.1095378,9.386536,20.944553,302.28268,16.859867
hole_ds (180).jpg,hole,0.00810504,0.9928131,24.88986,618.1493,24.83517
hole_ds (181).jpg,hole,0.005761385,0.47851562,24.95066,621.9343,24.925642
hole_ds (182).jpg,hole,0.005251169,0.36392212,24.969751,623.2813,24.955349
hole_ds (183).jpg,hole,4.172325e-05,0.0030517578,24.998474,624.83105,24.996141
hole_ds (184).jpg,hole,0.0107584,2.090805,24.81409,614.09204,24.726343
hole_ds (185).jpg,hole,0.0025203228,0.44673157,24.942364,621.0575,24.906666
hole_ds (186).jpg,hole,0.0011146069,0.1487732,24.989517,624.4092,24.984795
hole_ds (187).jpg,hole,0.004121065,0.728302,24.892168,617.8448,24.830101
hole_ds (188).jpg,hole,0.0020349026,0.30441284,24.960136,622.39105,24.939205
hole_ds (189).jpg,hole,2.147572,20.679413,18.046692,113.13782,10.498345
hole_ds (19).jpg,hole,1.0149007,8.42334,21.630875,348.88004,17.857845
hole_ds (190).jpg,hole,2.147572,20.679413,18.046692,113.13782,10.498345
hole_ds (191).jpg,hole,1.3362784,11.876099,20.74842,302.8445,16.499115
hole_ds (192).jpg,hole,0.96471906,42.52484,14.27083,79.05771,8.794569
hole_ds (193).jpg,hole,1.4340646,56.902634,13.729453,85.444275,8.915825
hole_ds (194).jpg,hole,2.115123,13.20285,19.413906,236.60718,15.007643
hole_ds (195).jpg,hole,2.115123,13.20285,19.413906,236.60718,15.007643
hole_ds (196).jpg,hole,1.162622,47.632996,17.00672,230.87689,13.623128
hole_ds (197).jpg,hole,1.8660321,4.5341034,23.003838,434.53116,20.356375
hole_ds (198).jpg,hole,2.05433,1.0343933,24.498367,570.6404,23.687786
hole_ds (199).jpg,hole,0.8275044,14.946243,19.410072,240.492,14.85911
hole_ds (2).jpg,hole,1.4191961,6.1940155,21.914436,347.0747,18.211142
hole_ds (20).jpg,hole,1.074188,7.0449524,21.718124,366.10867,18.473787
hole_ds (200).jpg,hole,1.2056477,29.78424,15.409144,120.05585,10.732169
hole_ds (21).jpg,hole,1.4549618,14.690445,18.931313,206.50845,14.102843
hole_ds (22).jpg,hole,1.3109281,54.018936,14.038359,113.13965,9.874192
hole_ds (23).jpg,hole,2.356807,10.481018,20.217365,255.4126,15.488821
hole_ds (24).jpg,hole,1.5098119,12.399368,22.03757,445.6727,20.187756
hole_ds (25).jpg,hole,2.1773515,19.593674,18.545774,139.30246,11.541641
hole_ds (26).jpg,hole,2.1773515,19.593674,18.545774,139.30246,11.541641
hole_ds (27).jpg,hole,1.546833,70.24753,13.827342,110.98883,9.79908
hole_ds (28).jpg,hole,1.2483654,84.96562,11.788055,54.71805,7.1768985
hole_ds (29).jpg,hole,1.6179824,18.87497,18.410664,169.65555,12.368559
hole_ds (3).jpg,hole,1.1643348,12.809387,19.418055,214.84802,14.218951
hole_ds (30).jpg,hole,1.993511,12.763351,20.00416,282.63412,16.060188
hole_ds (31).jpg,hole,2.4607468,4.9884796,23.148521,478.76773,21.312859
hole_ds (32).jpg,hole,1.1636965,55.400192,13.5059395,90.30948,9.149658
hole_ds (33).jpg,hole,0.109579325,16.818634,23.57162,552.10425,23.068888
hole_ds (34).jpg,hole,0.025453806,4.044861,24.615377,602.5842,24.450586
hole_ds (35).jpg,hole,0.012326241,1.723175,24.853594,616.42236,24.792248
hole_ds (36).jpg,hole,2.0393193,31.32019,18.889114,343.76422,16.598259
hole_ds (37).jpg,hole,2.363397,9.892059,20.873766,321.8298,17.236515
hole_ds (38).jpg,hole,0.00013709068,0.006866455,24.996567,624.58167,24.990108
hole_ds (39).jpg,hole,0.02503395,1.3725281,24.870289,617.42004,24.809855
hole_ds (4).jpg,hole,1.7643366,9.636841,20.710972,292.57077,16.518864
hole_ds (40).jpg,hole,0.024235249,1.1322021,24.890682,618.5791,24.836502
hole_ds (41).jpg,hole,0.02362132,0.97351074,24.908394,619.6244,24.860384
hole_ds (42).jpg,hole,0.8542352,24.107483,17.980042,211.5015,13.665997
hole_ds (43).jpg,hole,0.975981,25.965103,18.898079,244.01907,14.226892
hole_ds (44).jpg,hole,0.0045046806,0.7044983,24.93097,620.3403,24.88937
hole_ds (45).jpg,hole,0.0034606457,0.4800415,24.954098,621.97424,24.92855
hole_ds (46).jpg,hole,0.002771616,0.2861023,24.981167,623.9732,24.973778
hole_ds (47).jpg,hole,1.5439601,39.09082,14.427471,96.04285,9.675642
hole_ds (48).jpg,hole,0.009900093,1.9128418,24.825466,615.035,24.756613
hole_ds (49).jpg,hole,0.004386902,0.546875,24.94281,621.31287,24.913609
hole_ds (5).jpg,hole,1.3194821,4.4836273,22.78025,410.6292,19.794504
hole_ds (50).jpg,hole,0.0031471252,0.2609253,24.981058,623.93884,24.973122
hole_ds (51).jpg,hole,0.024951696,4.071579,24.55502,600.1771,24.350088
hole_ds (52).jpg,hole,0.0028896332,0.44866943,24.940243,620.88696,24.90258
hole_ds (53).jpg,hole,0.0014722347,0.20065308,24.986088,624.2424,24.98035
hole_ds (54).jpg,hole,1.9669602,10.0776825,20.957447,308.18402,16.685379
hole_ds (55).jpg,hole,1.1920929e-05,0.0015258789,24.999237,624.9314,24.998537
hole_ds (56).jpg,hole,0.0056815147,0.8997345,24.918495,619.45105,24.865227
hole_ds (57).jpg,hole,0.0021219254,0.3425598,24.954552,621.9386,24.928637
hole_ds (58).jpg,hole,0.0013411045,0.19302368,24.985643,624.27,24.980999
hole_ds (59).jpg,hole,4.7683716e-05,0.0038146973,24.998093,624.79504,24.995396
hole_ds (6).jpg,hole,0.6736729,14.237198,20.143517,220.05814,14.207191
hole_ds (60).jpg,hole,0.014279604,3.332306,24.72192,608.9037,24.606312
hole_ds (61).jpg,hole,0.003480196,0.5829468,24.935705,620.9912,24.90403
hole_ds (62).jpg,hole,0.0022888184,0.37612915,24.972233,623.5469,24.962475
hole_ds (63).jpg,hole,0.0057697296,1.2141418,24.869286,617.6195,24.817041
hole_ds (64).jpg,hole,0.00182271,0.36315918,24.963587,622.7666,24.947123
hole_ds (65).jpg,hole,0.0013649464,0.24871826,24.98184,624.08167,24.9765
hole_ds (66).jpg,hole,0.005084276,0.90148926,24.941195,621.7561,24.919998
hole_ds (67).jpg,hole,0.0040233135,0.45944214,24.965477,623.12427,24.953556
hole_ds (68).jpg,hole,0.0036120415,0.3440857,24.973812,623.59143,24.963692
hole_ds (69).jpg,hole,1.8059947,34.802643,19.683283,271.7821,15.557369
hole_ds (7).jpg,hole,1.6319871,13.971252,20.119627,288.6724,16.054115
hole_ds (70).jpg,hole,0.01715064,3.9370422,24.63084,604.9061,24.50399
hole_ds (71).jpg,hole,0.0034070015,0.7306671,24.911772,619.631,24.873066
hole_ds (72).jpg,hole,0.0008940697,0.16403198,24.986729,624.3784,24.983892
hole_ds (73).jpg,hole,0.013849497,2.9205322,24.732754,609.8423,24.61995
hole_ds (74).jpg,hole,0.0045681,0.7474518,24.920773,620.0173,24.8797
hole_ds (75).jpg,hole,0.0025331974,0.29830933,24.979622,623.8739,24.971004
hole_ds (76).jpg,hole,0.012028217,2.5901794,24.711239,607.64954,24.580734
hole_ds (77).jpg,hole,0.003942251,0.652771,24.914257,619.60345,24.87093
hole_ds (78).jpg,hole,0.0019907951,0.2593994,24.981625,624.05865,24.975443
hole_ds (79).jpg,hole,0.003478527,0.7698059,24.945042,621.9936,24.927675
hole_ds (8).jpg,hole,1.8194766,7.5955048,21.819027,386.53827,18.968773
hole_ds (80).jpg,hole,0.0020241737,0.41999817,24.972757,623.4664,24.962296
hole_ds (81).jpg,hole,0.0017464161,0.3555298,24.978529,623.7892,24.969292
hole_ds (82).jpg,hole,0.0,0.0,25.0,625.0,25.0
hole_ds (83).jpg,hole,0.007534027,1.2577972,24.884586,618.0106,24.831963
hole_ds (84).jpg,hole,0.0045251846,0.5298004,24.958645,622.42725,24.937096
hole_ds (85).jpg,hole,0.004065037,0.440979,24.970188,623.37537,24.958635
hole_ds (86).jpg,hole,0.008596182,2.255478,24.854057,616.8294,24.800287
hole_ds (87).jpg,hole,0.0016276836,0.32955933,24.973444,623.19116,24.956665
hole_ds (88).jpg,hole,0.00076293945,0.14419556,24.990454,624.5035,24.987175
hole_ds (89).jpg,hole,0.0014305115,0.21514893,24.981182,623.91583,24.973225
hole_ds (9).jpg,hole,1.5749648,19.67685,17.718227,115.54892,10.577431
hole_ds (90).jpg,hole,0.001257658,0.18081665,24.98562,624.20306,24.980064
hole_ds (91).jpg,hole,0.0012099743,0.17471313,24.987757,624.3718,24.983715
hole_ds (92).jpg,hole,0.010160685,1.2786407,24.8864,618.4359,24.835318
hole_ds (93).jpg,hole,0.0055754185,0.71273804,24.934412,621.1195,24.903446
hole_ds (94).jpg,hole,0.004094839,0.39596558,24.969568,623.23773,24.953987
hole_ds (95).jpg,hole,0.0039494038,0.80192566,24.92988,620.82495,24.897207
hole_ds (96).jpg,hole,0.0031483173,0.63964844,24.954569,622.6195,24.9389
hole_ds (97).jpg,hole,0.003029108,0.60684204,24.959986,622.94275,24.945906
hole_ds (98).jpg,hole,0.0038790703,0.64682007,24.94775,622.25995,24.930601
hole_ds (99).jpg,hole,0.0086295605,1.8621063,24.812618,614.3397,24.740482
10_processed (1).jpg,lines,0.11907339,23.590317,22.884312,517.48,22.17915
10_processed (2).jpg,lines,0.029568672,7.0759583,24.286644,583.91003,23.995789
10_processed (3).jpg,lines,0.015808344,3.885727,24.651152,605.5885,24.525494
11_processed (1).jpg,lines,0.16190052,22.397156,23.212141,537.2879,22.653948
11_processed (2).jpg,lines,0.08213043,13.405838,23.920322,569.4949,23.555647
11_processed (3).jpg,lines,0.033316612,5.1634216,24.588129,602.11676,24.439352
12_processed (1).jpg,lines,0.041701317,7.580902,24.456705,597.115,24.274006
12_processed (2).jpg,lines,0.026851416,4.751541,24.682632,608.6315,24.575272
12_processed (3).jpg,lines,0.02299738,3.9545746,24.745384,611.94446,24.659939
13_processed (1).jpg,lines,0.04077387,5.336212,24.596493,604.0989,24.445538
13_processed (2).jpg,lines,0.010851145,1.8935547,24.856918,617.9502,24.817343
13_processed (3).jpg,lines,0.00818491,1.4175415,24.906315,620.86255,24.890036
14_processed (1).jpg,lines,0.007004738,1.6178894,24.880684,619.1122,24.851578
14_processed (2).jpg,lines,0.010863543,2.42688,24.797195,614.1332,24.73085
14_processed (3).jpg,lines,0.017654896,3.7311249,24.681847,607.3196,24.56409
14_processed(1).jpg,lines,0.031578302,3.9611206,24.601658,602.8998,24.43948
14_processed(2).jpg,lines,0.1126287,14.153915,23.760353,563.2841,23.344425
14_processed(3).jpg,lines,0.012000799,1.4979858,24.851858,616.5624,24.779846
15.jpg,lines,0.0,0.0,25.0,625.0,25.0
15_processed (1).jpg,lines,0.045573235,8.956802,24.372944,590.668,24.126587
15_processed (2).jpg,lines,0.015238047,4.0434723,24.724707,610.93414,24.649513
15_processed (3).jpg,lines,0.0091433525,2.4367676,24.847343,617.76636,24.81385
15_processed(1).jpg,lines,0.017462969,1.3395691,24.815033,611.3214,24.655209
15_processed(2).jpg,lines,0.123649836,17.973557,23.482195,540.2527,22.818914
15_processed(3).jpg,lines,0.06902695,9.598389,24.11799,574.8058,23.698471
16.jpg,lines,1.7881393e-05,0.0022888184,24.998856,624.9005,24.997839
16_processed (1).jpg,lines,0.042811632,5.8694305,24.662373,607.6461,24.554766
16_processed (2).jpg,lines,0.18303943,22.829254,23.501732,544.6837,22.941252
16_processed (3).jpg,lines,0.037293434,5.0871277,24.722242,611.12714,24.641464
17.jpg,lines,0.0,0.0,25.0,625.0,25.0
17_processed (1).jpg,lines,0.029492378,6.1788177,24.554588,600.7103,24.391493
17_processed (2).jpg,lines,0.018417835,3.7957764,24.743671,611.5472,24.661427
17_processed (3).jpg,lines,0.014644861,2.9214478,24.835526,616.75916,24.786072
18.jpg,lines,5.9604645e-06,0.00076293945,24.999619,624.964,24.999252
18_processed (1).jpg,lines,0.06961346,9.79744,24.446522,596.9428,24.27118
18_processed (2).jpg,lines,0.044517517,6.8444214,24.623356,606.4552,24.519459
18_processed (3).jpg,lines,0.0406754,6.120453,24.665344,608.66766,24.575928
19.jpg,lines,0.0,0.0,25.0,625.0,25.0
19_processed (1).jpg,lines,0.06960988,14.973145,23.967651,570.5132,23.616714
19_processed (2).jpg,lines,0.0451231,9.805069,24.32085,588.63696,24.082573
19_processed (3).jpg,lines,0.019097328,4.4956512,24.721573,611.20996,24.65202
1_processed (1).jpg,lines,0.011088133,1.9487762,24.791302,612.33655,24.695604
1_processed (2).jpg,lines,0.0059854984,0.8234558,24.887695,617.9618,24.83146
1_processed (3).jpg,lines,0.0047826767,0.5251465,24.928497,620.723,24.894302
1_processed(1).jpg,lines,0.13127804,12.162781,23.736172,562.235,23.284399
1_processed(2).jpg,lines,0.011425018,2.658432,24.724863,609.20984,24.610332
1_processed(3).jpg,lines,0.006289482,1.504715,24.857834,616.57544,24.796635
20.jpg,lines,0.0,0.0,25.0,625.0,25.0
20180531_140300(1).jpg,lines,1.1800475,26.840958,16.658983,110.91766,10.314695
20180531_140300.jpg,lines,1.1800475,26.840958,16.658983,110.91766,10.314695
20180531_140329.jpg,lines,1.2420945,33.672485,15.790985,106.8667,10.121168
20180531_140759.jpg,lines,0.75917864,8.124466,21.418861,292.87344,16.37381
20180531_140818.jpg,lines,0.6730974,27.99118,18.378565,199.48035,12.985411
20_processed (1).jpg,lines,0.110464096,10.107651,24.423182,595.00745,24.242676
20_processed (2).jpg,lines,0.051670074,6.8245697,24.577812,602.93414,24.438278
20_processed (3).jpg,lines,0.046551228,5.812912,24.654058,607.30725,24.546316
21_processed (1).jpg,lines,0.04763508,10.166,24.236168,586.1492,23.994722
21_processed (2).jpg,lines,0.017416716,4.1338196,24.70725,609.5282,24.61471
21_processed (3).jpg,lines,0.011701584,2.6824188,24.836315,616.8312,24.790743
22.jpg,lines,0.0,0.0,25.0,625.0,25.0
22_processed (1).jpg,lines,0.012024641,3.1832886,24.808044,616.0261,24.76886
22_processed (2).jpg,lines,0.010236502,2.7186584,24.843182,617.75903,24.811577
22_processed (3).jpg,lines,0.008919239,2.433319,24.865025,618.90674,24.839897
23.jpg,lines,0.0,0.0,25.0,625.0,25.0
23_processed (1).jpg,lines,0.037230253,4.217758,24.691317,607.8064,24.56694
23_processed (2).jpg,lines,0.01667142,2.2530365,24.823704,615.36365,24.758322
23_processed (3).jpg,lines,0.013166666,1.7242432,24.882904,619.08746,24.84759
24_processed (1).jpg,lines,0.0058162212,1.7249298,24.860147,617.3074,24.812893
24_processed (2).jpg,lines,0.0036633015,1.0153198,24.91571,620.3308,24.886185
24_processed (3).jpg,lines,0.0028824806,0.8381653,24.943506,622.2983,24.93092
25_processed (1).jpg,lines,0.058353186,7.0607452,24.505308,599.5974,24.335228
25_processed (2).jpg,lines,0.014371157,3.0862274,24.765118,612.57446,24.684238
25_processed (3).jpg,lines,0.004192829,0.8775635,24.924015,620.96106,24.900225
26_processed (1).jpg,lines,0.070227385,4.6043396,24.56911,601.49036,24.387291
26_processed (2).jpg,lines,0.025628805,2.53891,24.720387,608.78613,24.58908
26_processed (3).jpg,lines,0.018103123,1.0706329,24.886793,617.7905,24.817837
27.jpg,lines,0.00019669533,0.015258789,24.99237,624.22174,24.982006
27_processed (1).jpg,lines,0.0115430355,1.6025238,24.85205,616.5054,24.786278
27_processed (2).jpg,lines,0.007082224,0.621994,24.929802,620.91394,24.895645
27_processed (3).jpg,lines,0.0057137012,0.4043579,24.943874,621.65375,24.91364
28.jpg,lines,7.1525574e-05,0.0030517578,24.998474,624.7725,24.99471
28_processed (1).jpg,lines,0.039340258,5.5719757,24.590897,601.99365,24.41148
28_processed (2).jpg,lines,0.026306868,3.5066833,24.758553,611.50244,24.654139
28_processed (3).jpg,lines,0.023767948,2.9870605,24.800686,614.04156,24.715939
29.jpg,lines,0.0,0.0,25.0,625.0,25.0
29_processed (1).jpg,lines,0.0057098866,0.7991028,24.927761,620.6011,24.888596
29_processed (2).jpg,lines,0.004011154,0.41152954,24.956486,622.20496,24.928204
29_processed (3).jpg,lines,0.0036001205,0.28305054,24.96594,622.8441,24.943197
2_processed (1).jpg,lines,0.05041051,5.682678,24.478256,597.42834,24.27205
2_processed (2).jpg,lines,0.025916576,2.9716492,24.704153,608.65393,24.57227
2_processed (3).jpg,lines,0.011512041,0.86906433,24.89738,618.1478,24.829826
2_processed(1).jpg,lines,0.15377855,11.584732,24.133175,580.9712,23.846096
2_processed(2).jpg,lines,0.06886339,8.185867,24.408846,594.63007,24.212086
2_processed(3).jpg,lines,0.03481984,5.753784,24.575253,602.9099,24.43099
30.jpg,lines,0.0,0.0,25.0,625.0,25.0
30_processed (1).jpg,lines,0.09061813,11.604401,24.123877,574.6915,23.722542
30_processed (2).jpg,lines,0.045313835,3.8483276,24.672457,604.77844,24.494349
30_processed (3).jpg,lines,0.036320686,1.5811157,24.822838,612.61206,24.68872
31.jpg,lines,0.16183615,1.0418701,24.479065,572.8227,23.749012
31_processed (1).jpg,lines,0.13239264,8.8974,24.254568,584.70435,23.930693
31_processed (2).jpg,lines,0.027189255,2.3841095,24.757109,609.62036,24.612984
31_processed (3).jpg,lines,0.020319223,0.94299316,24.88646,616.9851,24.795115
32.jpg,lines,0.15699506,0.9825134,24.508743,574.55896,23.796595
32_processed (1).jpg,lines,0.08550048,8.683624,24.269468,584.41473,23.934666
32_processed (2).jpg,lines,0.08616805,8.874359,24.172749,578.7294,23.795551
32_processed (3).jpg,lines,0.04513383,2.012329,24.781013,610.80237,24.63562
33.jpg,lines,0.68069863,2.0093536,23.995323,534.9845,22.820013
33_processed (1).jpg,lines,0.041090727,8.536224,24.140175,577.1212,23.799793
33_processed (2).jpg,lines,0.010558844,1.457367,24.851303,616.1404,24.78347
33_processed (3).jpg,lines,0.007871389,0.8151245,24.932951,621.1433,24.899014
34.jpg,lines,0.0,0.0,25.0,625.0,25.0
34_processed (1).jpg,lines,0.042289495,5.7785797,24.440926,590.3353,24.148876
34_processed (2).jpg,lines,0.021207333,1.8851471,24.810398,612.8523,24.698517
34_processed (3).jpg,lines,0.017709732,1.1456299,24.883207,617.6024,24.809912
3_processed (1).jpg,lines,0.036628008,5.5327454,24.4511,595.71497,24.225464
3_processed (2).jpg,lines,0.025797367,3.4429932,24.668106,606.8724,24.520521
3_processed (3).jpg,lines,0.017222166,1.651001,24.817791,614.13477,24.71434
3_processed(1).jpg,lines,0.004760027,1.3166046,24.883467,618.75134,24.85094
3_processed(2).jpg,lines,0.0022804737,0.6222534,24.949852,622.44244,24.937634
3_processed(3).jpg,lines,0.0036501884,0.96343994,24.914675,620.3443,24.888233
4_processed (1).jpg,lines,0.031733274,4.544861,24.627584,602.4868,24.422333
4_processed (2).jpg,lines,0.024833918,3.0962982,24.721436,607.16284,24.543869
4_processed (3).jpg,lines,0.019077301,1.7921295,24.814098,612.1485,24.669348
4_processed(1).jpg,lines,0.053280592,10.610199,24.133274,580.948,23.865139
4_processed(2).jpg,lines,0.027335882,5.303421,24.58029,603.19556,24.448616
4_processed(3).jpg,lines,0.021967888,4.013138,24.700863,609.71924,24.60606
5_processed (1).jpg,lines,0.15772772,20.266708,23.358555,543.6465,22.838528
5_processed (2).jpg,lines,0.056916475,11.373749,24.047792,576.30255,23.74649
5_processed (3).jpg,lines,0.012550354,2.6533508,24.771019,612.0912,24.684149
6_processed (1).jpg,lines,0.100893974,12.247467,24.101414,579.66754,23.794876
6_processed (2).jpg,lines,0.05341649,9.797058,24.282383,588.905,24.043945
6_processed (3).jpg,lines,0.012733936,3.184967,24.789005,614.05457,24.723404
7_processed (1).jpg,lines,0.09938049,18.06491,23.625008,556.3734,23.183693
7_processed (2).jpg,lines,0.042949915,8.360291,24.395817,593.61316,24.197796
7_processed (3).jpg,lines,0.032132864,5.8885193,24.632383,606.6167,24.52166
8_processed (1).jpg,lines,0.17627597,16.691284,23.592339,552.41034,23.102966
8_processed (2).jpg,lines,0.043381453,5.9755554,24.488827,598.57556,24.297016
8_processed (3).jpg,lines,0.36703706,37.508316,21.880283,468.77985,20.819937
9_processed (1).jpg,lines,0.08653736,8.48819,24.312433,589.2086,24.059132
9_processed (2).jpg,lines,0.017193317,3.7584991,24.69778,609.0687,24.594759
9_processed (3).jpg,lines,0.009513855,1.9175262,24.868282,618.09344,24.825165
exp1_num_249594 - Copy.png,lines,0.050302744,5.42572,24.664156,608.7367,24.584703
exp1_num_249594.png,lines,0.050302744,5.42572,24.664156,608.7367,24.584703
exp2_num_249619 - Copy.png,lines,0.05031705,5.0767517,24.637022,607.83264,24.555593
exp2_num_249619.png,lines,0.05031705,5.0767517,24.637022,607.83264,24.555593
exp3_num_249637 - Copy.png,lines,0.059878826,4.9404907,24.666824,608.51556,24.583834
exp3_num_249637.png,lines,0.059878826,4.9404907,24.666824,608.51556,24.583834
exp5_num_249786 - Copy.png,lines,0.049244165,5.0982666,24.653324,608.4295,24.57389
exp6_num_249821 - Copy.png,lines,0.063729286,5.0605774,24.651028,607.91425,24.566269
exp6_num_249821.png,lines,0.063729286,5.0605774,24.651028,607.91425,24.566269
VrMWW8ZS5aXoE_rkQg2XtkzOrwpF_i2Ksvz1XikiRHekyrtXOz35_Wszp3K7ySZe5fM08yYUh_tn6TiH3AdIFtxWYk8CFGvKhpR0JG7XUu-IWWtJql5OvdL6L-zO5UUL4nC4WZz05B77O3tBqM98UzVXsPbInXUsKnlBq7t531zEyE4sqn-OyPMt-Hdhb8Zy.jpg,lines,1.8438709,5.490677,22.302727,343.46518,17.99512
normal_ds (1).jpg,normal,1.6145942,16.819672,18.69096,223.38452,14.520872
normal_ds (10).jpg,normal,1.3396907,54.891403,13.423794,102.88681,10.050099
normal_ds (100).jpg,normal,0.7139032,9.069046,21.351318,300.9186,16.927265
normal_ds (101).jpg,normal,1.9744987,8.032486,21.07357,244.73022,15.283073
normal_ds (102).jpg,normal,1.5837727,11.997742,19.59375,281.71375,16.23975
normal_ds (103).jpg,normal,1.8643816,11.172806,19.890495,295.42767,16.647923
normal_ds (104).jpg,normal,2.1572263,6.7811127,21.617409,378.48242,18.953772
normal_ds (105).jpg,normal,1.7069421,7.915497,21.075027,322.76263,17.552156
normal_ds (106).jpg,normal,1.568311,12.475418,19.324608,245.1919,15.380165
normal_ds (107).jpg,normal,1.5053453,5.8350525,22.092087,335.68158,17.944586
normal_ds (108).jpg,normal,1.8408799,13.311203,19.195381,227.87592,14.716232
normal_ds (109).jpg,normal,1.6847878,15.95372,18.600685,213.16956,14.028982
normal_ds (11).jpg,normal,0.69802284,8.494003,21.307226,334.19214,17.927433
normal_ds (110).jpg,normal,2.327203,4.603546,23.131065,462.96518,21.15163
normal_ds (111).jpg,normal,2.2296803,7.0700073,21.607563,363.02008,18.543259
normal_ds (112).jpg,normal,1.7971199,4.977066,22.521996,368.3945,18.77132
normal_ds (113).jpg,normal,2.3422887,24.109451,17.719536,152.58774,11.979632
normal_ds (114).jpg,normal,1.3006234,13.043518,18.984894,227.19568,14.857489
normal_ds (115).jpg,normal,1.5221987,96.57149,13.717197,97.54852,8.892317
normal_ds (116).jpg,normal,1.7826376,65.08205,12.517719,62.601593,7.8407073
normal_ds (117).jpg,normal,2.0334432,25.537888,16.857174,137.2445,11.409537
normal_ds (118).jpg,normal,1.4722955,51.88762,14.030456,55.729156,7.4106216
normal_ds (119).jpg,normal,1.0411398,55.807587,14.057019,71.101685,8.354439
normal_ds (12).jpg,normal,0.70685816,8.622681,21.518661,315.6552,17.33707
normal_ds (120).jpg,normal,1.6332405,36.23532,15.893318,109.94653,10.053986
normal_ds (121).jpg,normal,1.6116521,35.42903,15.610945,104.97934,9.945524
normal_ds (122).jpg,normal,1.5532937,26.944061,18.115719,166.91806,12.22992
normal_ds (123).jpg,normal,2.353073,19.97528,17.434605,139.80469,11.678675
normal_ds (124).jpg,normal,1.987433,22.44075,18.134335,144.05536,11.595872
normal_ds (125).jpg,normal,1.5617023,17.96524,18.65779,88.15796,9.281393
normal_ds (126).jpg,normal,1.1984582,74.3342,12.769045,49.36975,6.96323
normal_ds (127).jpg,normal,0.5566001,77.69156,12.983719,72.48331,8.342039
normal_ds (128).jpg,normal,1.4875174,43.127518,14.928768,70.22418,8.140748
normal_ds (129).jpg,normal,0.29289198,3.3744965,23.35743,432.2755,20.321478
normal_ds (13).jpg,normal,1.4690013,12.925186,19.240715,216.30807,14.312796
normal_ds (130).jpg,normal,0.5080068,78.24901,15.379517,129.55539,10.6919365
normal_ds (131).jpg,normal,1.1298854,42.187225,15.488142,92.84921,9.348494
normal_ds (132).jpg,normal,0.93196034,38.433365,14.953628,83.49878,9.01746
normal_ds (133).jpg,normal,2.095451,5.6382904,22.886997,425.0928,19.926224
normal_ds (134).jpg,normal,1.4683971,20.845886,17.816418,164.43372,12.493972
normal_ds (135).jpg,normal,1.4683971,20.845886,17.816418,164.43372,12.493972
normal_ds (136).jpg,normal,1.234067,100.83577,11.641237,44.282654,6.6137466
normal_ds (137).jpg,normal,1.3087687,12.187454,19.812553,302.8423,16.79967
normal_ds (138).jpg,normal,1.6078656,96.06874,13.129666,99.99872,8.954931
normal_ds (139).jpg,normal,1.5036657,8.603851,21.153275,302.04294,16.818241
normal_ds (14).jpg,normal,0.8896613,11.78627,20.54095,298.6245,16.79967
normal_ds (140).jpg,normal,1.4248474,30.384018,18.057673,208.15839,13.580847
normal_ds (141).jpg,normal,1.6616421,28.711685,17.602526,118.363495,10.38079
normal_ds (142).jpg,normal,2.1118805,27.753906,16.13694,99.793945,9.890005
normal_ds (143).jpg,normal,1.5622294,0.044708252,24.977646,622.9025,24.956366
normal_ds (144).jpg,normal,1.7133894,23.637299,17.140158,112.33353,10.34884
normal_ds (145).jpg,normal,1.4305651,64.93123,14.778169,74.93558,8.36877
normal_ds (146).jpg,normal,2.0025651,3.8571625,23.111244,422.79385,20.080414
normal_ds (147).jpg,normal,1.2227769,79.95619,11.458193,48.31491,6.9155965
normal_ds (148).jpg,normal,1.2646034,17.608551,18.874268,203.531,13.602453
normal_ds (149).jpg,normal,1.6810715,8.342133,21.675547,322.61072,16.822268
normal_ds (15).jpg,normal,0.76273656,5.8589783,22.277443,408.19714,19.892122
normal_ds (150).jpg,normal,1.6787195,12.022949,19.779383,225.6481,14.712143
normal_ds (151).jpg,normal,0.7292583,38.665573,15.221229,85.16733,8.87194
normal_ds (152).jpg,normal,1.1973588,42.08313,13.63422,73.76306,8.54376
normal_ds (153).jpg,normal,2.701629,2.5791473,23.710426,528.85645,22.667679
normal_ds (154).jpg,normal,1.7015986,101.550415,12.141537,48.23239,6.8745637
normal_ds (155).jpg,normal,0.85779953,25.843674,17.286613,79.842255,8.800576
normal_ds (156).jpg,normal,1.507273,13.996887,19.595707,227.98721,14.357235
normal_ds (157).jpg,normal,2.4989347,11.765762,19.281364,189.26096,13.661354
normal_ds (158).jpg,normal,1.8380153,28.631805,17.000423,146.94473,11.57159
normal_ds (159).jpg,normal,0.7791631,28.15651,15.880494,117.25043,10.658495
normal_ds (16).jpg,normal,0.3539896,9.48143,20.784157,280.99124,16.200996
normal_ds (160).jpg,normal,1.6053267,41.716812,14.589409,65.69595,8.0412
normal_ds (161).jpg,normal,2.2833529,9.76561,20.585854,194.87354,13.686489
normal_ds (162).jpg,normal,2.4754157,17.08664,18.504734,171.9801,12.792488
normal_ds (163).jpg,normal,2.642128,6.2252197,22.149652,328.5322,17.89341
normal_ds (164).jpg,normal,1.1555843,71.7124,12.712156,55.232574,7.3102903
normal_ds (165).jpg,normal,0.97847867,84.83975,12.6032915,59.64508,7.532465
normal_ds (166).jpg,normal,2.1001554,92.71492,12.5506,69.4834,8.097752
normal_ds (167).jpg,normal,1.4048526,91.94513,11.4908905,49.696625,6.9889245
normal_ds (168).jpg,normal,1.2895758,92.21718,11.469101,48.557526,6.9249797
normal_ds (169).jpg,normal,1.2465966,81.78989,12.008038,58.11905,7.5092907
normal_ds (17).jpg,normal,1.5264571,13.955414,19.354828,229.38171,14.828283
normal_ds (170).jpg,normal,2.0411472,58.316757,13.141867,64.360596,7.9241
normal_ds (171).jpg,normal,1.80526,9.821121,20.589684,186.58551,13.538561
normal_ds (172).jpg,normal,2.4160812,8.353317,21.268745,278.19412,16.206064
normal_ds (173).jpg,normal,1.7334294,16.10994,18.879406,218.29626,14.376968
normal_ds (174).jpg,normal,1.7944577,23.905243,17.177689,177.66235,12.992879
normal_ds (175).jpg,normal,1.1687722,75.548294,12.46077,53.101166,7.2357464
normal_ds (176).jpg,normal,1.1687722,75.548294,12.46077,53.101166,7.2357464
normal_ds (177).jpg,normal,1.2602277,17.82634,18.490467,186.57782,13.150583
normal_ds (178).jpg,normal,2.1364172,4.048813,22.975594,469.79785,21.19513
normal_ds (179).jpg,normal,1.3092291,95.84822,10.367946,59.404266,7.66258
normal_ds (18).jpg,normal,0.46030045,5.722351,22.138824,410.50638,19.690014
normal_ds (180).jpg,normal,1.6030045,8.976212,20.700127,235.80261,15.071076
normal_ds (181).jpg,normal,2.71855,1.9035339,24.048233,539.8019,23.145483
normal_ds (182).jpg,normal,1.1712232,42.116837,16.557734,106.57895,9.83763
normal_ds (183).jpg,normal,1.880872,2.896698,23.553024,498.84888,22.006653
normal_ds (184).jpg,normal,2.3455415,12.5698395,19.558922,166.51831,12.71726
normal_ds (185).jpg,normal,1.9004135,29.124542,16.42317,113.53204,10.355407
normal_ds (186).jpg,normal,1.7806067,6.7627106,21.730888,374.5479,18.954617
normal_ds (187).jpg,normal,1.3052917,44.50917,14.472355,110.964325,10.425795
normal_ds (188).jpg,normal,1.919831,8.257889,20.902092,318.469,17.406462
normal_ds (189).jpg,normal,1.6128623,8.183197,21.047379,283.51437,16.432026
normal_ds (19).jpg,normal,1.1374986,8.632919,21.0829,325.12827,17.548668
normal_ds (190).jpg,normal,2.1732671,11.238998,19.434425,197.5907,13.970528
normal_ds (191).jpg,normal,1.5248129,11.426788,19.692093,235.97366,15.023373
normal_ds (192).jpg,normal,1.751044,8.421234,20.920212,247.51517,15.411105
normal_ds (193).jpg,normal,1.0387452,15.333832,19.16172,243.6206,15.242631
normal_ds (194).jpg,normal,1.6413605,10.021698,20.242569,238.47363,15.107341
normal_ds (195).jpg,normal,1.7886679,4.3050995,22.848824,457.6595,20.949095
normal_ds (196).jpg,normal,1.8060844,9.604919,20.37918,234.45407,14.996197
normal_ds (197).jpg,normal,1.6908638,11.791916,19.504824,208.09564,14.143837
normal_ds (198).jpg,normal,0.8827555,16.096268,19.39265,215.01285,14.284868
normal_ds (199).jpg,normal,1.1225443,16.895966,20.176706,275.5539,16.241816
normal_ds (2).jpg,normal,0.9768293,28.690216,16.811075,171.7716,12.763796
normal_ds (20).jpg,normal,1.7561321,11.736954,20.09602,283.61234,16.350245
normal_ds (200).jpg,normal,0.58227515,8.08902,21.359833,340.4059,18.010174
normal_ds (201).jpg,normal,1.0342968,9.207108,20.802063,287.8306,16.586864
normal_ds (202).jpg,normal,1.5904202,14.029785,19.514645,242.22336,15.205315
normal_ds (203).jpg,normal,1.1282449,44.66623,14.730054,124.36981,10.919615
normal_ds (204).jpg,normal,2.1187828,10.250504,20.630957,327.5533,17.412624
normal_ds (205).jpg,normal,0.7811787,17.691895,20.274078,233.87134,14.912376
normal_ds (206).jpg,normal,0.6033859,6.3074036,22.218994,400.97714,19.60293
normal_ds (207).jpg,normal,0.56123734,4.188614,22.908531,433.76346,20.37693
normal_ds (208).jpg,normal,1.6130528,15.003967,19.445831,248.0664,15.347135
normal_ds (209).jpg,normal,1.0059509,13.091156,19.901236,253.72195,15.577181
normal_ds (21).jpg,normal,1.0399661,14.891556,19.24435,247.19238,15.370438
normal_ds (210).jpg,normal,1.1136489,17.249603,18.914948,144.42975,11.791688
normal_ds (211).jpg,normal,2.0326705,15.445038,18.885258,221.1236,14.540185
normal_ds (212).jpg,normal,0.8412049,10.927536,20.887503,263.38367,16.011442
normal_ds (213).jpg,normal,1.3548281,18.649368,18.31218,196.1417,13.72669
normal_ds (214).jpg,normal,1.3599167,52.049515,13.674055,105.629456,10.167107
normal_ds (215).jpg,normal,0.86300135,9.608704,21.182587,338.1979,17.937363
normal_ds (216).jpg,normal,0.6541686,17.440384,19.95382,251.32791,15.483551
normal_ds (217).jpg,normal,0.879004,10.909592,20.775705,312.7903,17.208912
normal_ds (218).jpg,normal,1.6830516,11.599808,20.18751,279.14835,16.250336
normal_ds (219).jpg,normal,0.88078403,10.689728,20.808895,313.93756,17.212776
normal_ds (22).jpg,normal,0.59741926,5.8351135,22.452648,418.98508,20.062973
normal_ds (220).jpg,normal,1.0180166,11.696884,20.838333,313.55692,17.334269
normal_ds (23).jpg,normal,0.6880846,8.892166,21.128292,322.20593,17.589682
normal_ds (24).jpg,normal,1.7998133,19.773117,17.960114,169.83084,12.773213
normal_ds (25).jpg,normal,0.7125282,7.3355865,21.849468,376.7723,18.94329
normal_ds (26).jpg,normal,0.77897286,7.200836,21.762405,381.77817,19.234749
normal_ds (27).jpg,normal,1.8011608,17.6557,18.148117,186.03406,13.402798
normal_ds (28).jpg,normal,0.6890676,8.39827,21.335716,357.8061,18.50829
normal_ds (29).jpg,normal,0.869025,9.660843,21.068844,324.9827,17.586418
normal_ds (3).jpg,normal,0.6692648,7.272156,21.62201,363.70444,18.673973
normal_ds (30).jpg,normal,1.2730656,17.640472,18.905506,238.29501,14.934109
normal_ds (31).jpg,normal,0.6071031,9.209549,21.047928,312.0496,17.248867
normal_ds (32).jpg,normal,0.6949496,8.392502,21.531528,319.5056,17.451399
normal_ds (33).jpg,normal,0.8782387,10.988037,20.846973,316.49472,17.319363
normal_ds (34).jpg,normal,1.2471142,8.076187,20.981865,285.79932,16.590546
normal_ds (35).jpg,normal,0.82954645,10.671783,20.929636,268.46753,16.156738
normal_ds (36).jpg,normal,2.2293825,6.2848206,22.048386,362.07938,18.567936
normal_ds (37).jpg,normal,0.75092626,9.207245,21.215725,330.2638,17.685684
normal_ds (38).jpg,normal,1.0982447,17.334488,18.9594,150.31503,12.034872
normal_ds (39).jpg,normal,1.6594846,14.338852,19.36454,204.58902,14.028968
normal_ds (4).jpg,normal,1.748801,10.384125,19.943802,325.179,17.6394
normal_ds (40).jpg,normal,0.6037059,7.1104126,21.940298,379.10074,19.002079
normal_ds (41).jpg,normal,1.6267972,16.053268,18.876469,184.04895,13.232958
normal_ds (42).jpg,normal,0.45101285,5.390167,22.307663,424.91104,20.066326
normal_ds (43).jpg,normal,0.7536862,9.365967,21.245363,328.27338,17.63453
normal_ds (44).jpg,normal,0.67598414,6.7058563,21.829063,374.7107,18.992218
normal_ds (45).jpg,normal,1.6988451,20.467499,18.299377,179.01184,13.122623
normal_ds (46).jpg,normal,0.59039855,7.7857513,21.459991,343.99747,18.10846
normal_ds (47).jpg,normal,1.059324,13.748413,19.610493,262.45715,15.858599
normal_ds (48).jpg,normal,1.0675781,14.707687,19.358051,252.47617,15.561273
normal_ds (49).jpg,normal,1.7656052,12.843063,19.621437,204.69495,14.051371
normal_ds (5).jpg,normal,1.0882757,8.62439,21.134033,332.78128,17.7469
normal_ds (50).jpg,normal,0.59961987,6.189148,22.245846,404.6858,19.690598
normal_ds (51).jpg,normal,1.0925407,16.76529,19.255579,171.16061,12.788171
normal_ds (52).jpg,normal,1.8757455,17.895874,18.354984,193.30884,13.676517
normal_ds (53).jpg,normal,0.7877381,7.5074463,21.7444,380.84436,19.232063
normal_ds (54).jpg,normal,1.1281817,17.277359,18.963406,149.48175,12.00687
normal_ds (55).jpg,normal,0.81622744,9.95076,21.11421,277.1682,16.403378
normal_ds (56).jpg,normal,1.4472871,23.507935,17.36654,184.53268,13.19931
normal_ds (57).jpg,normal,0.78381944,7.169388,21.813103,385.29343,19.326029
normal_ds (58).jpg,normal,0.69727325,8.991104,21.16211,348.34976,18.273193
normal_ds (59).jpg,normal,0.86739755,9.677368,21.093866,332.18637,17.75755
normal_ds (6).jpg,normal,0.5977783,9.115646,21.065823,319.73767,17.454475
normal_ds (60).jpg,normal,2.0760932,27.529129,16.340984,160.89236,12.484087
normal_ds (61).jpg,normal,1.045438,15.111847,19.171066,244.9526,15.30419
normal_ds (62).jpg,normal,0.87726235,15.348999,19.7859,249.37631,15.484419
normal_ds (63).jpg,normal,0.68759155,7.8814545,21.487637,348.2178,18.277681
normal_ds (64).jpg,normal,1.4532096,23.252304,16.994259,148.38495,11.990551
normal_ds (65).jpg,normal,0.6908736,9.381577,21.518967,377.23547,18.925177
normal_ds (66).jpg,normal,1.7126794,13.668182,19.233616,215.61514,14.430294
normal_ds (67).jpg,normal,1.1369538,9.406754,20.793243,309.65076,17.14426
normal_ds (68).jpg,normal,1.0346103,9.473251,20.530434,314.1158,17.269737
normal_ds (69).jpg,normal,1.1752241,9.39682,22.283438,417.35083,19.862152
normal_ds (7).jpg,normal,0.8507149,12.215912,20.455727,235.1384,15.109099
normal_ds (70).jpg,normal,1.7095222,11.129013,20.07499,251.90439,15.486347
normal_ds (71).jpg,normal,0.745811,8.828384,21.301704,335.72192,17.840595
normal_ds (72).jpg,normal,0.6978574,8.202072,21.344793,337.62393,18.00457
normal_ds (73).jpg,normal,1.558039,13.242264,19.390251,213.79431,14.260759
normal_ds (74).jpg,normal,2.1574445,7.0197906,21.653893,291.04617,16.780226
normal_ds (75).jpg,normal,0.5593178,4.046631,22.978058,439.5793,20.509407
normal_ds (76).jpg,normal,0.7929423,7.707382,21.656532,376.9217,19.11588
normal_ds (77).jpg,normal,1.9636436,13.2561035,19.304579,169.15073,12.797657
normal_ds (78).jpg,normal,1.2849355,11.016647,20.13546,265.40155,15.882409
normal_ds (79).jpg,normal,1.0813189,15.396194,19.323729,213.44308,14.3336735
normal_ds (8).jpg,normal,2.120986,6.7225494,21.799767,394.5655,19.331831
normal_ds (80).jpg,normal,2.1094503,7.3016815,21.396492,337.76654,17.868189
normal_ds (81).jpg,normal,1.6412656,12.683411,19.487488,222.50015,14.6526165
normal_ds (82).jpg,normal,1.7901583,7.410263,21.371407,282.7691,16.381783
normal_ds (83).jpg,normal,0.5986357,6.3680267,22.220692,402.60403,19.638983
normal_ds (84).jpg,normal,0.59693885,6.3711395,22.155815,398.03867,19.53918
normal_ds (85).jpg,normal,0.6930158,8.31102,21.345823,337.80807,18.00405
normal_ds (86).jpg,normal,2.2185783,7.083084,21.469353,315.10794,17.320183
normal_ds (87).jpg,normal,1.6678357,7.6179657,21.224068,287.94565,16.602383
normal_ds (88).jpg,normal,0.69908214,9.257568,21.066013,317.0718,17.469473
normal_ds (89).jpg,normal,1.9384964,5.0786285,22.477806,433.38492,20.441235
normal_ds (9).jpg,normal,1.1816828,9.595169,20.78252,305.79572,17.026066
normal_ds (90).jpg,normal,0.66851234,9.013428,21.026236,315.08627,17.398874
normal_ds (91).jpg,normal,0.6905427,7.441437,21.724325,362.29977,18.660534
normal_ds (92).jpg,normal,1.6657715,9.598175,20.297043,305.36212,17.04309
normal_ds (93).jpg,normal,0.80374885,20.716965,18.309425,236.42892,14.890452
normal_ds (94).jpg,normal,0.69033647,8.357452,21.30376,335.51352,17.945591
normal_ds (95).jpg,normal,2.0205128,4.0317535,22.984123,474.4544,21.337887
normal_ds (96).jpg,normal,1.5445583,10.424423,19.928505,271.77014,16.14336
normal_ds (97).jpg,normal,1.961484,12.665298,19.36901,215.94153,14.375631
normal_ds (98).jpg,normal,1.2747371,10.596481,20.242346,268.1138,15.96949
normal_ds (99).jpg,normal,1.5389531,11.5425415,19.971497,247.11856,15.177021
stain_ds (1).jpg,stain,2.1961665,3.3961792,23.50533,471.80634,21.25376
stain_ds (10).jpg,stain,0.49233675,4.6938477,23.53363,480.90115,21.345753
stain_ds (100).jpg,stain,2.281381,4.2012787,22.956528,475.9573,21.34848
stain_ds (101).jpg,stain,2.0743883,6.2564697,21.927338,412.1736,19.755314
stain_ds (102).jpg,stain,2.1833746,5.201782,22.498444,446.58527,20.581366
stain_ds (103).jpg,stain,1.6899362,5.9085846,22.07528,394.62796,19.40863
stain_ds (104).jpg,stain,1.7881439,5.794983,22.126495,403.13623,19.607903
stain_ds (105).jpg,stain,1.3300381,7.1213074,21.788992,391.35605,19.194954
stain_ds (106).jpg,stain,1.5077057,5.0052032,22.61074,436.52487,20.446747
stain_ds (107).jpg,stain,1.9477046,3.5011292,23.331009,494.43298,21.760448
stain_ds (108).jpg,stain,1.9480286,4.2397766,22.916733,458.81305,20.919363
stain_ds (109).jpg,stain,2.1002588,3.7307587,23.276382,482.22046,21.525013
stain_ds (11).jpg,stain,2.1215026,4.5812683,23.01284,415.9505,19.74503
stain_ds (110).jpg,stain,1.9575372,4.0861816,23.028671,464.953,21.074669
stain_ds (111).jpg,stain,2.1652985,2.6564484,23.763786,516.1474,22.38093
stain_ds (112).jpg,stain,1.3406014,2.0494843,23.988625,535.365,22.842861
stain_ds (113).jpg,stain,2.1135325,3.9366913,23.10598,458.5895,20.943356
stain_ds (114).jpg,stain,1.9351082,3.9034576,23.083008,459.3274,20.941685
stain_ds (115).jpg,stain,1.4636011,1.967392,24.01905,536.3402,22.926
stain_ds (116).jpg,stain,1.969495,2.5242462,23.797386,516.0084,22.289549
stain_ds (117).jpg,stain,1.9571917,4.053055,23.010551,449.00726,20.656317
stain_ds (118).jpg,stain,1.3308516,7.887665,21.148764,310.52542,17.24104
stain_ds (119).jpg,stain,1.8085909,6.7274323,21.839342,369.87592,18.720222
stain_ds (12).jpg,stain,2.2616553,2.4069672,23.893105,479.4017,21.44216
stain_ds (120).jpg,stain,1.7424653,6.5587006,21.837934,376.75787,18.867172
stain_ds (121).jpg,stain,1.4067483,3.3417664,23.366653,483.00967,21.603806
stain_ds (122).jpg,stain,1.2258589,4.5161285,22.798882,433.53537,20.343424
stain_ds (123).jpg,stain,2.0725553,3.717682,23.19609,461.7599,21.050156
stain_ds (124).jpg,stain,1.8707471,10.104706,20.204361,253.86606,15.607116
stain_ds (125).jpg,stain,1.9311919,3.4776,23.333824,480.3346,21.422333
stain_ds (126).jpg,stain,1.9803333,4.952759,22.571594,424.70227,20.03822
stain_ds (127).jpg,stain,1.928055,5.1456757,22.522362,403.33493,19.520714
stain_ds (128).jpg,stain,1.7880406,4.140869,23.01416,458.71603,20.941463
stain_ds (129).jpg,stain,2.1990287,3.309311,23.478096,490.9208,21.776524
stain_ds (13).jpg,stain,1.2570508,8.096008,21.572538,358.0709,18.09628
stain_ds (130).jpg,stain,1.9319975,4.2786865,22.877594,441.84082,20.472904
stain_ds (131).jpg,stain,1.9336832,4.6726837,22.688126,422.5698,20.029034
stain_ds (132).jpg,stain,2.1564648,4.7611847,23.01809,467.57108,21.031559
stain_ds (133).jpg,stain,1.9599142,3.973816,23.041122,456.73312,20.885593
stain_ds (134).jpg,stain,1.9499996,4.3640747,22.84726,448.6004,20.69519
stain_ds (135).jpg,stain,2.15492,2.7809143,23.613663,502.9022,22.051258
stain_ds (136).jpg,stain,2.2649133,2.654419,23.691101,486.17654,21.701986
stain_ds (137).jpg,stain,2.234606,3.840973,23.155083,483.3425,21.498096
stain_ds (138).jpg,stain,2.1533508,4.247223,22.904625,466.62225,21.139992
stain_ds (139).jpg,stain,2.1328988,5.129318,22.507944,441.44028,20.51702
stain_ds (14).jpg,stain,2.23409,18.21614,18.035683,176.77042,12.960272
stain_ds (140).jpg,stain,1.9490559,4.5468903,22.7884,439.32724,20.498737
stain_ds (141).jpg,stain,1.6916833,4.477829,22.77665,447.44202,20.677526
stain_ds (142).jpg,stain,2.095738,7.5798492,21.24408,346.61673,18.164412
stain_ds (143).jpg,stain,1.9442065,6.8623047,21.593422,373.3711,18.793144
stain_ds (144).jpg,stain,1.7966838,6.43985,21.821625,359.79846,18.46939
stain_ds (145).jpg,stain,2.2356703,4.6987457,22.714386,464.0729,21.090073
stain_ds (146).jpg,stain,1.785924,10.933319,19.883163,288.06683,16.550179
stain_ds (147).jpg,stain,2.1251724,5.064621,22.573051,434.2255,20.317694
stain_ds (148).jpg,stain,1.6842093,10.417038,20.217056,287.36084,16.475431
stain_ds (149).jpg,stain,1.7078874,7.3144073,21.616173,382.71,18.931656
stain_ds (15).jpg,stain,1.9632585,30.158676,16.06708,104.46405,10.01763
stain_ds (150).jpg,stain,1.3461921,8.0464325,21.227676,343.90775,18.04136
stain_ds (151).jpg,stain,1.8479729,19.61116,18.12656,227.95908,14.560385
stain_ds (152).jpg,stain,2.03001,11.518219,19.627647,270.60553,16.008131
stain_ds (153).jpg,stain,2.0218952,16.336807,18.3185,203.17203,13.988008
stain_ds (154).jpg,stain,1.8256507,6.1563416,22.18737,369.53506,18.648726
stain_ds (155).jpg,stain,2.089499,8.110138,21.332832,285.13083,16.438082
stain_ds (156).jpg,stain,2.059509,8.592133,21.172684,280.42673,16.209534
stain_ds (157).jpg,stain,1.8204601,6.695221,21.982422,347.41992,18.077486
stain_ds (158).jpg,stain,2.0292222,9.527527,20.746908,224.14899,14.653924
stain_ds (159).jpg,stain,2.0682528,7.410095,21.512934,293.34225,16.65368
stain_ds (16).jpg,stain,2.12859,8.551483,21.750061,367.54657,18.36101
stain_ds (160).jpg,stain,1.8735445,10.884308,20.13604,294.12512,16.647293
stain_ds (161).jpg,stain,1.8294759,9.606384,20.661621,324.38074,17.53087
stain_ds (162).jpg,stain,2.0349708,16.15384,18.238369,194.82971,13.742554
stain_ds (163).jpg,stain,1.806911,15.328262,18.656431,204.08734,14.0346
stain_ds (164).jpg,stain,1.8707957,10.3069,20.456106,310.27133,17.126701
stain_ds (165).jpg,stain,1.9690535,15.3428955,18.506584,214.07635,14.353588
stain_ds (166).jpg,stain,1.7694795,15.901794,18.393705,212.86963,14.310613
stain_ds (167).jpg,stain,2.1838272,5.293747,22.59478,436.71902,20.401278
stain_ds (168).jpg,stain,1.779227,19.439163,17.992592,209.25119,14.051582
stain_ds (169).jpg,stain,2.1300485,17.083145,18.583183,212.38513,14.189108
stain_ds (17).jpg,stain,2.0623615,20.113144,20.141155,314.179,16.59931
stain_ds (170).jpg,stain,1.770936,14.142044,19.337347,233.96054,14.833595
stain_ds (171).jpg,stain,2.18576,12.463577,19.754183,263.24774,15.837471
stain_ds (172).jpg,stain,2.3172073,9.106842,20.944122,323.3778,17.59578
stain_ds (173).jpg,stain,1.7774963,17.214905,18.73183,203.48825,13.908756
stain_ds (174).jpg,stain,1.6349268,20.224686,18.002182,192.5484,13.512009
stain_ds (175).jpg,stain,2.1834784,14.162399,19.433813,256.73703,15.46488
stain_ds (176).jpg,stain,2.0301487,14.636368,19.174677,231.11276,14.746309
stain_ds (177).jpg,stain,1.1581421,14.111984,19.714977,261.31885,15.785072
stain_ds (178).jpg,stain,1.5291653,18.289368,18.227285,191.84918,13.614653
stain_ds (179).jpg,stain,2.294127,6.627533,23.042759,464.58487,21.00319
stain_ds (18).jpg,stain,2.0306106,9.078537,21.212812,312.46228,16.971289
stain_ds (180).jpg,stain,2.5642326,2.9190216,23.579033,444.23862,20.650324
stain_ds (181).jpg,stain,2.5642326,2.9190216,23.579033,444.23862,20.650324
stain_ds (182).jpg,stain,2.5642326,2.9190216,23.579033,444.23862,20.650324
stain_ds (183).jpg,stain,2.3455787,4.9327087,22.795837,426.29706,20.070738
stain_ds (184).jpg,stain,1.5631597,7.6077423,22.261656,382.66873,18.81084
stain_ds (185).jpg,stain,1.9189742,6.799713,21.920597,344.48972,18.047668
stain_ds (186).jpg,stain,1.6890664,10.165482,19.990318,206.66388,14.229542
stain_ds (187).jpg,stain,2.1937478,23.46138,17.993553,143.99493,11.710114
stain_ds (188).jpg,stain,2.2916858,7.2916107,21.984713,367.83658,18.54866
stain_ds (189).jpg,stain,2.054564,3.5899963,23.69308,508.59702,22.082096
stain_ds (19).jpg,stain,1.288208,10.523636,20.836105,316.72116,16.928343
stain_ds (190).jpg,stain,1.5770872,12.821838,20.135967,261.0276,15.329348
stain_ds (191).jpg,stain,1.5770872,12.821838,20.135967,261.0276,15.329348
stain_ds (192).jpg,stain,1.4648294,2.312851,23.849525,509.9121,22.234621
stain_ds (193).jpg,stain,2.3092284,3.497696,23.5965,487.77933,21.611847
stain_ds (194).jpg,stain,1.8268399,5.003189,22.837894,410.0909,19.707031
stain_ds (195).jpg,stain,1.524138,7.1276093,21.590004,338.5286,17.94003
stain_ds (196).jpg,stain,2.1119297,3.9422607,23.395712,479.80316,21.35647
stain_ds (197).jpg,stain,1.9719601,4.0898895,23.171862,423.10208,20.044971
stain_ds (198).jpg,stain,1.6042969,69.78694,16.436588,148.47156,11.666029
stain_ds (199).jpg,stain,2.0426369,3.8354187,23.492544,456.1474,20.877296
stain_ds (2).jpg,stain,2.2544765,9.982895,21.580807,377.34473,18.495064
stain_ds (20).jpg,stain,1.8042512,19.930664,17.6759,149.74466,12.00415
stain_ds (200).jpg,stain,1.5960915,19.197662,18.107967,168.20184,12.528168
stain_ds (201).jpg,stain,2.347822,35.346817,16.129719,137.77164,11.182502
stain_ds (202).jpg,stain,2.347822,35.346817,16.129719,137.77164,11.182502
stain_ds (203).jpg,stain,2.347822,35.346817,16.129719,137.77164,11.182502
stain_ds (204).jpg,stain,2.347822,35.346817,16.129719,137.77164,11.182502
stain_ds (205).jpg,stain,1.7686863,165.14978,13.737623,105.57062,9.884194
stain_ds (206).jpg,stain,2.6559024,1.6824799,24.251724,559.0393,23.372772
stain_ds (207).jpg,stain,2.1839905,3.3460999,23.479568,467.688,21.123339
stain_ds (208).jpg,stain,2.5438023,2.3042297,24.151949,552.2101,23.111252
stain_ds (209).jpg,stain,2.5438023,2.3042297,24.151949,552.2101,23.111252
stain_ds (21).jpg,stain,1.9301426,6.263809,23.35712,501.27213,21.69949
stain_ds (210).jpg,stain,2.1071782,36.749573,15.75946,142.14444,11.479099
stain_ds (22).jpg,stain,1.7944357,11.901489,20.52243,285.1195,16.34573
stain_ds (23).jpg,stain,1.7944357,11.901489,20.52243,285.1195,16.34573
stain_ds (24).jpg,stain,1.578284,8.540894,21.306767,324.7404,17.250282
stain_ds (25).jpg,stain,0.7476411,60.13855,13.462034,84.11133,9.020816
stain_ds (26).jpg,stain,2.4149215,4.7691345,22.645737,436.0466,20.406536
stain_ds (27).jpg,stain,2.377983,5.950302,22.37486,339.84628,17.855648
stain_ds (28).jpg,stain,0.9948735,10.100052,22.619473,434.3486,20.235819
stain_ds (29).jpg,stain,1.8433206,2.8945312,23.695099,517.65125,22.330305
stain_ds (3).jpg,stain,2.6177013,2.4299622,23.870667,526.04675,22.536398
stain_ds (30).jpg,stain,2.069385,4.820236,22.679092,438.82986,20.444206
stain_ds (31).jpg,stain,2.011293,3.065857,23.472107,500.0925,21.949139
stain_ds (32).jpg,stain,1.9298949,1.5448151,24.272858,558.6122,23.415947
stain_ds (33).jpg,stain,1.9383538,5.151413,22.783585,450.30908,20.553703
stain_ds (34).jpg,stain,1.9171329,2.1179657,24.11354,546.5519,23.039913
stain_ds (35).jpg,stain,1.9464014,1.8528442,24.186096,547.89026,23.094486
stain_ds (36).jpg,stain,2.0964122,3.0360413,23.627129,491.124,21.747292
stain_ds (37).jpg,stain,2.1222634,3.1930237,23.52555,475.22986,21.374218
stain_ds (38).jpg,stain,1.7936308,9.387848,20.97875,335.38452,17.730347
stain_ds (39).jpg,stain,1.8923998,15.404816,18.75347,226.90588,14.717005
stain_ds (4).jpg,stain,2.1794157,5.313568,22.53231,386.10043,18.96011
stain_ds (40).jpg,stain,2.160213,13.11203,19.379402,241.71353,15.059898
stain_ds (41).jpg,stain,2.2876356,9.991501,20.40937,293.2403,16.727562
stain_ds (42).jpg,stain,1.5735717,22.618256,17.811823,173.75552,12.918699
stain_ds (43).jpg,stain,1.3753343,21.244507,18.289589,213.33545,14.133615
stain_ds (44).jpg,stain,1.7606769,13.747437,19.454956,241.01685,15.151176
stain_ds (45).jpg,stain,1.8829923,12.844223,19.639042,252.54556,15.571946
stain_ds (46).jpg,stain,1.9933004,13.311249,19.33461,255.08063,15.544574
stain_ds (47).jpg,stain,1.5661781,14.899704,19.111282,213.86139,14.380829
stain_ds (48).jpg,stain,1.3466372,13.753128,19.237164,227.36758,14.751532
stain_ds (49).jpg,stain,1.9653826,11.8441925,19.976625,280.89386,16.285301
stain_ds (5).jpg,stain,1.7087967,15.781845,20.837433,299.61075,16.56284
stain_ds (50).jpg,stain,2.1569157,13.784775,19.206324,226.82544,14.651975
stain_ds (51).jpg,stain,1.8634741,17.613876,18.461435,186.89615,13.398507
stain_ds (52).jpg,stain,1.9183607,15.075012,19.086664,215.6109,14.37696
stain_ds (53).jpg,stain,1.9107344,7.3240967,21.413116,339.87183,18.051895
stain_ds (54).jpg,stain,1.8711188,6.5525513,22.025066,387.84024,19.07333
stain_ds (55).jpg,stain,2.1101303,9.329773,21.331415,345.19284,17.99548
stain_ds (56).jpg,stain,2.003444,9.148834,21.00595,329.53757,17.543625
stain_ds (57).jpg,stain,2.044406,5.837631,22.214233,380.33423,19.01052
stain_ds (58).jpg,stain,2.1920547,5.4953156,22.360159,396.5219,19.473223
stain_ds (59).jpg,stain,2.0786233,9.679993,20.61318,277.51895,16.254711
stain_ds (6).jpg,stain,2.1952693,3.2594452,23.586468,473.7231,21.295212
stain_ds (60).jpg,stain,1.910449,4.590027,22.954296,456.66794,20.827995
stain_ds (61).jpg,stain,1.9336448,4.0817413,23.56457,512.79694,22.160616
stain_ds (62).jpg,stain,2.0014088,18.191895,18.54526,191.00479,13.282981
stain_ds (63).jpg,stain,2.0270061,6.024414,22.437233,437.5156,20.381596
stain_ds (64).jpg,stain,2.1441839,4.305191,22.94255,464.98703,21.117807
stain_ds (65).jpg,stain,1.7942643,4.3980865,22.969107,469.83603,21.200981
stain_ds (66).jpg,stain,2.076271,6.2721405,22.287683,430.535,20.124191
stain_ds (67).jpg,stain,1.8789172,19.090683,18.122826,184.16223,13.318209
stain_ds (68).jpg,stain,1.9317298,2.6461182,23.677856,502.8392,22.093596
stain_ds (69).jpg,stain,2.0836835,5.7470093,22.270164,408.9193,19.704647
stain_ds (7).jpg,stain,1.8022449,23.479782,16.827322,131.06882,11.288061
stain_ds (70).jpg,stain,2.0749955,3.6329498,23.232544,472.20184,21.26284
stain_ds (71).jpg,stain,2.0101275,4.938736,22.684536,433.20792,20.32902
stain_ds (72).jpg,stain,1.8022323,7.8190613,21.701223,387.90903,19.110237
stain_ds (73).jpg,stain,1.7589674,7.000107,21.638832,378.01575,18.829815
stain_ds (74).jpg,stain,2.0791113,13.267456,19.252287,232.14856,14.922268
stain_ds (75).jpg,stain,1.648783,14.338776,19.498768,270.21643,15.8081
stain_ds (76).jpg,stain,1.8638618,19.70932,17.981983,167.32434,12.726982
stain_ds (77).jpg,stain,2.0934231,8.96402,20.745316,333.9567,17.806284
stain_ds (78).jpg,stain,1.9270518,5.9176025,22.179848,413.601,19.786938
stain_ds (79).jpg,stain,1.9513993,13.324509,19.227877,264.09082,15.809111
stain_ds (8).jpg,stain,2.0369678,37.455566,15.076011,78.55658,8.740818
stain_ds (80).jpg,stain,1.0864663,18.606369,18.13826,238.97668,14.866745
stain_ds (81).jpg,stain,1.4246621,18.21724,18.285221,212.65024,14.1868105
stain_ds (82).jpg,stain,1.1298375,19.993546,18.20333,206.8869,13.905656
stain_ds (83).jpg,stain,2.0377603,11.824829,20.287212,235.887,14.974039
stain_ds (84).jpg,stain,1.6519225,12.71933,20.00022,224.0162,14.504806
stain_ds (85).jpg,stain,1.106693,6.999344,21.83089,417.51923,19.797068
stain_ds (86).jpg,stain,1.5645888,16.433655,18.48674,218.46613,14.372065
stain_ds (87).jpg,stain,2.0685306,11.901382,20.195168,305.36685,16.874899
stain_ds (88).jpg,stain,1.9177742,10.251511,20.345882,313.4408,17.232819
stain_ds (89).jpg,stain,1.7689698,13.412003,19.354225,231.00763,14.77714
stain_ds (9).jpg,stain,1.8156123,10.908493,21.360447,324.66086,17.176294
stain_ds (90).jpg,stain,2.0521746,9.433258,21.412209,392.00854,19.125519
stain_ds (91).jpg,stain,2.1475978,9.775177,21.05681,342.66177,17.921085
stain_ds (92).jpg,stain,2.128378,7.949585,21.327488,347.5903,18.123367
stain_ds (93).jpg,stain,1.954016,12.417526,19.675837,236.95685,14.99719
stain_ds (94).jpg,stain,1.7963982,12.641403,19.676954,242.95355,15.094064
stain_ds (95).jpg,stain,1.974293,8.595917,21.129534,350.4904,18.072424
stain_ds (96).jpg,stain,1.9925487,4.9073334,22.58799,411.42444,19.750187
stain_ds (97).jpg,stain,1.9239557,2.374115,23.81752,521.8388,22.54509
stain_ds (98).jpg,stain,2.1600406,2.5292358,23.794708,524.5203,22.567028
stain_ds (99).jpg,stain,2.1292708,6.627014,21.74591,395.6945,19.31253
